{
	"version": 1,
	"changelists": [
		{
			"guid": "00000000000000000000000000000000",
			"description": "Default Uncontrolled Changelist",
			"files": [
				"/Users/ryandavidson/Documents/Unreal Projects/gp2/gameProg2/Content/StarterContent/Maps/StarterMap_BuiltData.uasset",
				"/Users/ryandavidson/Documents/Unreal Projects/gp2/gameProg2/Content/labs/lab1.umap",
				"/Users/ryandavidson/Documents/Unreal Projects/gp2/gameProg2/Content/labs/lab01/lab1.umap",
				"/Users/ryandavidson/Documents/Unreal Projects/gp2/gameProg2/Content/labs/lab01/Cube_Blueprint.uasset",
				"/Users/ryandavidson/Documents/Unreal Projects/gp2/gameProg2/Content/labs/lab02/lab02.umap",
				"/Users/ryandavidson/Documents/Unreal Projects/gp2/gameProg2/Content/labs/Cube_Blueprint.uasset",
				"/Users/ryandavidson/Documents/Unreal Projects/gp2/gameProg2/Content/labs/lab02/level02.umap",
				"/Users/ryandavidson/Documents/Unreal Projects/gp2/gameProg2/Content/labs/cubeBluePrint2.uasset",
				"/Users/ryandavidson/Documents/Unreal Projects/gp2/gameProg2/Content/labs/level1.umap"
			]
		}
	]
}